index,target
2,1.0
9,0.0
10,1.0
11,0.0
15,0.0
17,1.0
21,0.0
24,1.0
26,1.0
32,1.0
37,0.0
45,1.0
57,0.0
78,0.0
79,0.0
84,0.0
88,1.0
98,0.0
101,0.0
103,0.0
106,0.0
108,0.0
112,1.0
122,0.0
127,0.0
132,0.0
141,1.0
154,0.0
156,0.0
166,0.0
167,0.0
172,0.0
175,0.0
179,0.0
183,0.0
190,0.0
192,0.0
193,0.0
194,0.0
199,0.0
201,1.0
208,0.0
212,1.0
214,0.0
243,1.0
244,0.0
251,0.0
260,1.0
261,0.0
265,1.0
266,0.0
274,0.0
280,0.0
287,1.0
288,0.0
296,0.0
299,1.0
300,0.0
303,1.0
307,0.0
311,0.0
319,0.0
326,0.0
331,0.0
332,0.0
334,0.0
342,0.0
344,0.0
352,0.0
356,0.0
363,0.0
375,0.0
376,0.0
385,0.0
386,0.0
390,0.0
391,1.0
403,0.0
419,0.0
429,1.0
430,0.0
432,1.0
433,0.0
436,1.0
438,0.0
448,0.0
460,0.0
462,1.0
463,0.0
464,0.0
468,1.0
478,1.0
486,0.0
489,0.0
497,0.0
498,0.0
500,0.0
504,0.0
511,1.0
517,0.0
524,0.0
532,0.0
539,0.0
541,0.0
583,0.0
591,0.0
601,0.0
619,1.0
620,0.0
629,0.0
649,0.0
651,0.0
659,0.0
663,0.0
665,0.0
666,0.0
667,1.0
676,1.0
682,0.0
686,0.0
688,0.0
691,0.0
700,0.0
701,0.0
703,0.0
711,0.0
718,1.0
723,0.0
727,1.0
728,0.0
731,0.0
734,0.0
745,0.0
747,0.0
751,1.0
752,0.0
757,0.0
759,1.0
762,0.0
765,0.0
775,1.0
783,0.0
786,0.0
790,1.0
792,0.0
801,0.0
805,0.0
808,0.0
819,1.0
820,0.0
821,0.0
823,0.0
825,1.0
826,0.0
827,0.0
830,1.0
831,0.0
836,1.0
840,0.0
853,1.0
858,0.0
860,1.0
864,0.0
868,0.0
869,0.0
875,0.0
892,0.0
894,0.0
895,0.0
904,0.0
905,0.0
911,0.0
915,0.0
924,0.0
925,0.0
929,1.0
934,0.0
937,1.0
942,0.0
954,0.0
985,0.0
994,1.0
997,0.0
998,1.0
999,0.0
1001,0.0
1006,0.0
1010,0.0
1018,0.0
1029,0.0
1034,1.0
1042,0.0
1047,1.0
1051,0.0
1053,0.0
1063,1.0
1073,1.0
1074,1.0
1075,0.0
1076,0.0
1081,0.0
1090,0.0
1095,0.0
1106,1.0
1110,0.0
1111,0.0
1116,1.0
1119,0.0
1121,0.0
1123,0.0
1132,0.0
1135,0.0
1153,0.0
1155,0.0
1171,1.0
1172,0.0
1173,1.0
1176,0.0
1185,0.0
1206,0.0
1210,0.0
1216,0.0
1219,0.0
1221,0.0
1223,0.0
1227,0.0
1230,1.0
1233,0.0
1237,0.0
1238,1.0
1249,0.0
1250,0.0
1261,0.0
1264,0.0
1266,0.0
1267,1.0
1269,0.0
1271,1.0
1274,0.0
1279,0.0
1282,0.0
1284,0.0
1288,0.0
1293,0.0
1301,0.0
1307,0.0
1312,0.0
1313,1.0
1314,0.0
1322,0.0
1327,0.0
1330,1.0
1335,1.0
1338,0.0
1346,0.0
1349,0.0
1350,0.0
1351,1.0
1352,1.0
1357,0.0
1365,1.0
1368,0.0
1383,0.0
1392,1.0
1393,0.0
1398,0.0
1402,0.0
1411,0.0
1412,0.0
1413,1.0
1414,0.0
1416,0.0
1417,0.0
1419,0.0
1421,0.0
1425,0.0
1428,1.0
1434,0.0
1441,0.0
1446,0.0
1463,0.0
1469,0.0
1471,0.0
1475,0.0
1498,0.0
1501,0.0
1505,0.0
1520,0.0
1526,0.0
1536,1.0
1537,0.0
1539,0.0
1548,1.0
1559,0.0
1561,0.0
1567,0.0
1576,1.0
1579,0.0
1584,0.0
1594,0.0
1601,1.0
1604,0.0
1611,0.0
1614,0.0
1621,1.0
1629,0.0
1632,1.0
1634,0.0
1639,0.0
1649,1.0
1661,0.0
1663,0.0
1664,0.0
1672,0.0
1673,0.0
1676,0.0
1681,0.0
1690,0.0
1691,0.0
1692,0.0
1698,1.0
1703,1.0
1705,0.0
1708,1.0
1718,0.0
1722,0.0
1723,0.0
1730,0.0
1731,0.0
1734,1.0
1736,0.0
1737,0.0
1738,1.0
1744,1.0
1745,1.0
1747,0.0
1751,0.0
1756,0.0
1757,0.0
1759,0.0
1763,1.0
1772,1.0
1774,1.0
1782,0.0
1784,1.0
1796,1.0
1797,0.0
1798,0.0
1811,0.0
1824,0.0
1827,0.0
1841,0.0
1843,0.0
1846,0.0
1848,0.0
1849,0.0
1850,0.0
1851,1.0
1852,0.0
1858,0.0
1862,1.0
1866,0.0
1873,1.0
1878,0.0
1887,0.0
1916,0.0
1924,1.0
1926,0.0
1934,1.0
1945,1.0
1951,0.0
1957,0.0
1959,0.0
1976,0.0
1980,0.0
1985,0.0
1988,0.0
2000,0.0
2001,0.0
2007,0.0
2009,0.0
2012,1.0
2014,1.0
2040,0.0
2043,0.0
2045,0.0
2048,0.0
2055,1.0
2064,1.0
2067,0.0
2072,0.0
2077,0.0
2083,0.0
2088,1.0
2100,1.0
2101,0.0
2102,0.0
2106,1.0
2112,1.0
2120,0.0
2122,0.0
2124,0.0
2126,0.0
2136,0.0
2146,1.0
2152,0.0
2153,1.0
2154,1.0
2157,1.0
2173,1.0
2176,1.0
2179,0.0
2187,0.0
2191,0.0
2193,1.0
2196,0.0
2198,0.0
2204,0.0
2207,1.0
2209,1.0
2211,0.0
2218,0.0
2219,0.0
2230,0.0
2232,1.0
2235,0.0
2236,0.0
2239,1.0
2246,0.0
2250,1.0
2251,0.0
2254,0.0
2258,0.0
2259,1.0
2260,0.0
2262,0.0
2265,0.0
2270,0.0
2281,0.0
2283,0.0
2287,0.0
2294,0.0
2298,0.0
2323,0.0
2324,0.0
2325,0.0
2329,1.0
2337,0.0
2345,0.0
2348,0.0
2356,0.0
2359,0.0
2362,0.0
2363,0.0
2364,0.0
2377,0.0
2387,1.0
2394,1.0
2403,0.0
2404,1.0
2410,0.0
2411,0.0
2413,0.0
2419,0.0
2421,1.0
2426,1.0
2429,0.0
2433,1.0
2436,0.0
2445,1.0
2448,0.0
2450,1.0
2463,0.0
2467,0.0
2469,1.0
2471,1.0
2482,0.0
2483,0.0
2484,0.0
2497,0.0
2501,1.0
2506,1.0
2509,0.0
2518,0.0
2523,0.0
2531,0.0
2535,0.0
2543,0.0
2545,0.0
2549,0.0
2559,0.0
2564,0.0
2574,0.0
2576,0.0
2581,1.0
2582,0.0
2584,0.0
2591,0.0
2607,0.0
2609,1.0
2612,1.0
2619,0.0
2620,1.0
2630,0.0
2631,0.0
2637,0.0
2643,0.0
2652,0.0
2656,0.0
2660,0.0
2665,0.0
2666,1.0
2668,0.0
2683,1.0
2689,0.0
2695,1.0
2699,1.0
2703,1.0
2704,0.0
2706,0.0
2707,0.0
2714,0.0
2715,1.0
2728,0.0
2729,1.0
2732,0.0
2736,1.0
2737,0.0
2738,0.0
2739,0.0
2741,1.0
2745,1.0
2752,0.0
2754,0.0
2757,0.0
2758,0.0
2761,1.0
2765,0.0
2769,0.0
2775,0.0
2778,0.0
2791,0.0
2799,0.0
2801,1.0
2807,0.0
2810,0.0
2811,0.0
2819,0.0
2822,0.0
2827,0.0
2832,0.0
2843,0.0
2846,0.0
2848,0.0
2850,0.0
2851,1.0
2853,0.0
2864,1.0
2876,1.0
2885,0.0
2899,1.0
2906,0.0
2919,0.0
2921,0.0
2923,0.0
2928,0.0
2931,0.0
2935,0.0
2936,0.0
2939,1.0
2954,0.0
2985,0.0
2987,0.0
2991,0.0
3000,0.0
3004,0.0
3017,0.0
3032,1.0
3034,1.0
3035,0.0
3036,0.0
3042,0.0
3049,1.0
3052,0.0
3056,0.0
3091,0.0
3097,0.0
3108,0.0
3116,1.0
3118,1.0
3119,0.0
3125,0.0
3129,0.0
3133,0.0
3134,0.0
3135,0.0
3140,1.0
3146,0.0
3150,1.0
3152,0.0
3155,1.0
3168,0.0
3173,0.0
3174,0.0
3176,0.0
3178,1.0
3185,1.0
3186,0.0
3189,0.0
3190,0.0
3191,1.0
3194,1.0
3199,1.0
3202,0.0
3207,1.0
3209,0.0
3216,1.0
3226,0.0
3229,0.0
3237,0.0
3238,0.0
3241,0.0
3244,0.0
3261,1.0
3271,0.0
3279,0.0
3282,0.0
3297,0.0
3300,0.0
3303,1.0
3306,0.0
3310,0.0
3311,1.0
3315,0.0
3323,0.0
3325,1.0
3327,0.0
3329,0.0
3331,0.0
3333,1.0
3341,1.0
3343,0.0
3346,1.0
3352,0.0
3364,1.0
3368,0.0
3371,0.0
3377,0.0
3378,0.0
3387,1.0
3388,0.0
3389,0.0
3390,1.0
3393,0.0
3406,0.0
3414,0.0
3415,0.0
3418,0.0
3423,0.0
3428,0.0
3439,0.0
3459,0.0
3462,0.0
3472,1.0
3477,0.0
3487,0.0
3511,1.0
3513,0.0
3517,0.0
3530,0.0
3534,0.0
3538,1.0
3551,1.0
3555,0.0
3557,0.0
3558,0.0
3564,0.0
3567,1.0
3573,0.0
3575,0.0
3579,0.0
3590,0.0
3594,0.0
3605,0.0
3610,0.0
3615,1.0
3616,0.0
3617,0.0
3622,0.0
3624,0.0
3626,0.0
3640,0.0
3643,0.0
3644,0.0
3646,1.0
3648,0.0
3649,0.0
3650,0.0
3653,0.0
3655,1.0
3657,0.0
3660,0.0
3665,1.0
3667,1.0
3672,0.0
3673,0.0
3689,0.0
3693,0.0
3700,0.0
3704,1.0
3707,0.0
3708,0.0
3709,0.0
3713,1.0
3720,0.0
3728,1.0
3735,0.0
3739,0.0
3741,1.0
3743,0.0
3746,0.0
3748,0.0
3750,0.0
3759,0.0
3768,0.0
3775,0.0
3776,1.0
3781,0.0
3787,0.0
3790,0.0
3791,0.0
3797,0.0
3805,1.0
3809,1.0
3812,0.0
3815,0.0
3818,0.0
3819,0.0
3820,1.0
3821,0.0
3824,1.0
3831,0.0
3832,0.0
3834,1.0
3848,0.0
3854,1.0
3859,1.0
3880,1.0
3884,1.0
3894,1.0
3901,1.0
3910,1.0
3918,1.0
3929,0.0
3933,0.0
3947,1.0
3951,0.0
3952,1.0
3955,0.0
3959,1.0
3961,0.0
3969,0.0
3970,0.0
3975,0.0
3981,0.0
3986,0.0
3989,1.0
4005,0.0
4006,0.0
4011,0.0
4024,0.0
4031,0.0
4034,0.0
4036,0.0
4039,0.0
4043,0.0
4050,0.0
4051,0.0
4052,1.0
4055,1.0
4063,0.0
4066,0.0
4068,1.0
4082,0.0
4087,0.0
4090,0.0
4091,0.0
4093,1.0
4100,0.0
4102,0.0
4107,1.0
4111,1.0
4116,0.0
4122,0.0
4124,0.0
4129,0.0
4133,1.0
4144,0.0
4156,0.0
4176,0.0
4179,0.0
4184,0.0
4187,0.0
4193,0.0
4196,0.0
4200,0.0
4203,1.0
4210,0.0
4219,1.0
4224,1.0
4225,0.0
4226,0.0
4232,0.0
4233,0.0
4234,0.0
4245,1.0
4247,1.0
4254,0.0
4255,0.0
4275,1.0
4278,1.0
4288,1.0
4296,0.0
4297,0.0
4298,0.0
4300,1.0
4302,0.0
4305,0.0
4314,0.0
4319,1.0
4320,0.0
4331,0.0
4332,0.0
4353,0.0
4354,0.0
4359,0.0
4361,0.0
4381,1.0
4382,0.0
4384,0.0
4393,0.0
4396,1.0
4397,0.0
4399,0.0
4401,1.0
4407,0.0
4427,0.0
4429,1.0
4432,0.0
4437,0.0
4442,0.0
4444,0.0
4449,0.0
4453,0.0
4454,0.0
4456,0.0
4469,0.0
4471,0.0
4487,0.0
4493,0.0
4494,1.0
4497,0.0
4501,1.0
4505,1.0
4508,0.0
4509,0.0
4514,1.0
4515,1.0
4517,0.0
4521,0.0
4523,1.0
4529,0.0
4538,1.0
4553,0.0
4555,0.0
4556,0.0
4557,1.0
4559,0.0
4561,0.0
4570,0.0
4571,1.0
4574,0.0
4576,0.0
4580,0.0
4583,0.0
4591,1.0
4592,0.0
4596,0.0
4598,1.0
4601,1.0
4610,0.0
4612,0.0
4613,0.0
4618,1.0
4625,0.0
4629,0.0
4636,0.0
4639,1.0
4643,0.0
4644,0.0
4655,0.0
4657,0.0
4660,0.0
4663,1.0
4665,1.0
4668,0.0
4672,1.0
4677,1.0
4683,0.0
4685,0.0
4690,0.0
4694,0.0
4696,0.0
4702,0.0
4715,1.0
4716,1.0
4717,1.0
4729,1.0
4745,1.0
4747,0.0
4752,0.0
4756,0.0
4764,0.0
4768,0.0
4774,0.0
4779,0.0
4790,1.0
4791,0.0
4794,0.0
4797,1.0
4806,1.0
4808,1.0
4811,0.0
4813,0.0
4815,0.0
4817,0.0
4829,1.0
4850,0.0
4852,0.0
4854,0.0
4856,0.0
4861,0.0
4863,0.0
4865,0.0
4869,0.0
4873,1.0
4882,0.0
4900,0.0
4907,0.0
4910,0.0
4911,0.0
4912,1.0
4915,1.0
4920,1.0
4922,0.0
4924,1.0
4929,0.0
4936,1.0
4939,0.0
4940,0.0
4943,1.0
4945,1.0
4947,1.0
4950,0.0
4960,0.0
4963,0.0
4964,0.0
4965,0.0
4966,1.0
4969,0.0
4970,0.0
4974,0.0
4980,0.0
4981,1.0
4994,0.0
4995,1.0
5000,0.0
5004,0.0
5005,1.0
5008,0.0
5014,0.0
5015,0.0
5033,0.0
5034,1.0
5041,0.0
5043,1.0
5044,0.0
5045,0.0
5049,0.0
5050,0.0
5054,0.0
5058,0.0
5059,0.0
5063,0.0
5066,0.0
5078,0.0
5092,0.0
5107,0.0
5109,0.0
5112,1.0
5115,0.0
5117,0.0
5128,0.0
5132,0.0
5144,1.0
5146,0.0
5148,1.0
5150,0.0
5156,0.0
5162,0.0
5171,0.0
5182,1.0
5184,0.0
5187,0.0
5205,0.0
5214,0.0
5217,0.0
5221,0.0
5237,0.0
5239,1.0
5241,1.0
5242,1.0
5246,1.0
5255,1.0
5266,0.0
5267,0.0
5275,0.0
5288,0.0
5299,0.0
5320,0.0
5322,0.0
5333,1.0
5339,0.0
5343,1.0
5347,0.0
5352,0.0
5353,0.0
5356,0.0
5372,0.0
5378,1.0
5381,0.0
5385,0.0
5390,0.0
5398,0.0
5399,0.0
5404,0.0
5405,0.0
5407,0.0
5409,1.0
5411,0.0
5424,0.0
5437,1.0
5448,0.0
5455,0.0
5456,1.0
5459,1.0
5461,0.0
5476,1.0
5499,0.0
5502,0.0
5508,0.0
5510,0.0
5521,0.0
5533,0.0
5542,1.0
5543,1.0
5546,0.0
5550,1.0
5558,0.0
5561,0.0
5563,0.0
5571,0.0
5575,0.0
5582,0.0
5588,0.0
5590,0.0
5591,0.0
5592,1.0
5602,0.0
5604,0.0
5615,0.0
5617,1.0
5619,0.0
5624,0.0
5627,0.0
5629,0.0
5630,0.0
5633,1.0
5634,0.0
5641,0.0
5647,1.0
5649,0.0
5651,0.0
5654,0.0
5657,0.0
5660,0.0
5661,1.0
5674,1.0
5675,0.0
5676,0.0
5682,0.0
5691,0.0
5695,0.0
5697,0.0
5698,1.0
5701,1.0
5702,0.0
5709,0.0
5718,0.0
5719,0.0
5722,0.0
5726,0.0
5730,0.0
5734,0.0
5737,1.0
5741,0.0
5746,0.0
5751,0.0
5762,0.0
5763,0.0
5764,0.0
5769,1.0
5779,0.0
5787,0.0
5812,0.0
5817,0.0
5821,1.0
5826,0.0
5828,1.0
5830,0.0
5831,0.0
5833,0.0
5838,1.0
5846,1.0
5862,0.0
5867,1.0
5872,1.0
5873,0.0
5886,1.0
5887,1.0
5889,1.0
5892,0.0
5900,0.0
5908,0.0
5918,0.0
5922,0.0
5923,0.0
5927,0.0
5928,0.0
5929,0.0
5930,0.0
5931,0.0
5934,0.0
5937,0.0
5940,0.0
5943,1.0
5946,0.0
5954,0.0
5955,0.0
5970,0.0
5972,0.0
5975,0.0
5977,0.0
5978,0.0
5981,0.0
5990,0.0
5991,0.0
5997,1.0
6000,0.0
6004,0.0
6005,0.0
6006,0.0
6007,1.0
6008,0.0
6009,0.0
6010,1.0
6012,1.0
6031,0.0
6032,1.0
6036,0.0
6043,0.0
6048,1.0
6049,0.0
6051,0.0
6052,0.0
6057,1.0
6068,0.0
6069,0.0
6072,0.0
6073,0.0
6082,0.0
6095,0.0
6098,0.0
6101,0.0
6104,1.0
6107,1.0
6119,1.0
6120,0.0
6123,1.0
6127,1.0
6130,0.0
6137,0.0
6155,0.0
6156,0.0
6157,1.0
6163,0.0
6168,0.0
6169,0.0
6184,0.0
6189,0.0
6190,1.0
6193,0.0
6198,0.0
6200,0.0
6206,0.0
6212,0.0
6224,0.0
6226,0.0
6232,0.0
6237,0.0
6239,0.0
6245,0.0
6248,0.0
6250,0.0
6255,1.0
6282,1.0
6287,0.0
6295,1.0
6301,0.0
6307,0.0
6317,1.0
6320,1.0
6322,0.0
6328,1.0
6331,0.0
6332,1.0
6333,0.0
6334,0.0
6345,0.0
6346,1.0
6351,0.0
6356,0.0
6360,0.0
6362,1.0
6380,1.0
6381,1.0
6386,1.0
6388,1.0
6391,0.0
6397,1.0
6398,0.0
6402,0.0
6404,0.0
6412,1.0
6414,0.0
6418,0.0
6419,0.0
6420,1.0
6426,0.0
6427,0.0
6428,0.0
6431,0.0
6433,0.0
6438,0.0
6445,0.0
6452,1.0
6459,0.0
6464,1.0
6466,0.0
6468,0.0
6472,1.0
6475,1.0
6481,0.0
6484,0.0
6488,0.0
6489,0.0
6494,0.0
6495,1.0
6496,1.0
6501,1.0
6508,0.0
6514,0.0
6517,0.0
6524,1.0
6525,0.0
6526,0.0
6532,1.0
6540,0.0
6541,0.0
6543,1.0
6552,0.0
6555,1.0
6557,1.0
6562,0.0
6563,0.0
6564,0.0
6571,0.0
6578,1.0
6582,0.0
6590,0.0
6592,1.0
6601,0.0
6606,0.0
6608,0.0
6614,1.0
6621,1.0
6630,0.0
6635,0.0
6638,0.0
6640,0.0
6641,1.0
6644,1.0
6646,0.0
6650,0.0
6666,1.0
6674,0.0
6681,0.0
6687,1.0
6688,0.0
6696,1.0
6699,0.0
6702,0.0
6708,0.0
6716,1.0
6718,0.0
6731,0.0
6735,0.0
6739,0.0
6740,0.0
6744,1.0
6745,0.0
6748,0.0
6756,0.0
6762,0.0
6768,0.0
6773,1.0
6778,1.0
6780,1.0
6781,0.0
6784,0.0
6800,0.0
6803,0.0
6806,0.0
6807,0.0
6813,0.0
6819,1.0
6820,0.0
6828,1.0
6829,0.0
6831,1.0
6834,0.0
6843,0.0
6847,0.0
6849,1.0
6859,0.0
6870,1.0
6884,0.0
6901,0.0
6904,1.0
6906,0.0
6907,0.0
6909,0.0
6912,0.0
6920,0.0
6921,0.0
6923,0.0
6932,1.0
6941,0.0
6945,0.0
6946,0.0
6965,0.0
6979,1.0
6981,0.0
6984,0.0
6986,0.0
6987,0.0
6988,0.0
6990,0.0
6994,0.0
7004,0.0
7007,0.0
7008,0.0
7013,0.0
7014,1.0
7016,0.0
7029,1.0
7030,0.0
7036,1.0
7038,0.0
7043,0.0
7046,1.0
7052,0.0
7057,0.0
7059,0.0
7061,1.0
7063,1.0
7067,1.0
7069,0.0
7076,0.0
7082,1.0
7084,0.0
7088,0.0
7091,0.0
7096,0.0
7097,0.0
7109,0.0
7114,0.0
7118,0.0
7119,0.0
7124,0.0
7131,0.0
7132,0.0
7137,0.0
7140,1.0
7141,0.0
7146,0.0
7152,1.0
7154,1.0
7163,1.0
7170,1.0
7173,1.0
7189,0.0
7193,0.0
7196,0.0
7197,0.0
7200,0.0
7201,0.0
7202,0.0
7208,1.0
7212,1.0
7222,0.0
7229,1.0
7235,0.0
7239,0.0
7246,0.0
7253,0.0
7257,0.0
7262,0.0
7266,0.0
7270,0.0
7271,0.0
7272,0.0
7291,0.0
7296,1.0
7300,1.0
7305,0.0
7312,0.0
7318,0.0
7323,0.0
7328,0.0
7370,0.0
7375,0.0
7379,0.0
7380,0.0
7381,1.0
7382,1.0
7383,1.0
7388,0.0
7390,0.0
7391,0.0
7392,0.0
7398,1.0
7406,0.0
7413,0.0
7419,0.0
7421,0.0
7423,0.0
7430,0.0
7435,0.0
7443,0.0
7447,0.0
7451,0.0
7455,0.0
7459,1.0
7463,0.0
7464,1.0
7469,1.0
7474,0.0
7483,0.0
7484,0.0
7488,1.0
7493,0.0
7494,0.0
7499,0.0
7515,0.0
7516,0.0
7527,0.0
7528,0.0
7530,1.0
7542,1.0
7543,0.0
7552,0.0
7558,1.0
7564,1.0
7578,0.0
7580,1.0
7581,0.0
7583,0.0
7589,0.0
7594,0.0
7603,0.0
7619,0.0
7621,0.0
7627,0.0
7630,0.0
7636,1.0
7640,1.0
7643,0.0
7648,0.0
7651,0.0
7660,0.0
7663,1.0
7664,0.0
7665,0.0
7672,1.0
7680,0.0
7684,0.0
7685,0.0
7687,1.0
7690,0.0
7692,0.0
7702,0.0
7706,0.0
7712,0.0
7713,1.0
7715,0.0
7720,0.0
7727,1.0
7733,0.0
7748,0.0
7753,0.0
7764,1.0
7778,1.0
7785,1.0
7794,0.0
7795,0.0
7806,1.0
7812,0.0
7820,0.0
7822,0.0
7825,0.0
7832,1.0
7837,0.0
7840,0.0
7842,0.0
7848,0.0
7855,0.0
7863,0.0
7865,0.0
7867,0.0
7869,0.0
7882,0.0
7885,0.0
7902,1.0
7903,0.0
7906,0.0
7914,0.0
7917,0.0
7919,0.0
7922,0.0
7928,1.0
7932,0.0
7934,1.0
7938,1.0
7946,0.0
7951,0.0
7953,0.0
7960,0.0
7961,0.0
7964,0.0
7967,0.0
7968,0.0
7977,0.0
7985,0.0
7990,0.0
7999,0.0
8003,0.0
8004,0.0
8005,1.0
8008,0.0
8013,1.0
8015,0.0
8019,0.0
8022,0.0
8023,0.0
8027,1.0
8028,0.0
8029,0.0
8031,0.0
8037,0.0
8045,1.0
8052,0.0
8061,0.0
8086,0.0
8090,0.0
8097,0.0
8100,0.0
8101,0.0
8108,0.0
8110,0.0
8114,0.0
8131,0.0
8139,0.0
8144,1.0
8154,0.0
8160,0.0
8164,1.0
8165,0.0
8179,1.0
8184,0.0
8195,1.0
8198,0.0
8200,0.0
8206,0.0
8218,0.0
8219,0.0
8220,1.0
8226,1.0
8234,1.0
8235,1.0
8237,1.0
8255,1.0
8268,1.0
8275,0.0
8277,0.0
8278,0.0
8282,0.0
8284,0.0
8285,0.0
8288,0.0
8291,0.0
8307,0.0
8310,0.0
8316,0.0
8319,1.0
8324,0.0
8325,1.0
8326,0.0
8329,1.0
8331,1.0
8336,0.0
8337,0.0
8341,0.0
8343,0.0
8349,0.0
8350,0.0
8355,0.0
8356,0.0
8363,0.0
8364,0.0
8365,0.0
8366,0.0
8373,1.0
8377,0.0
8379,0.0
8387,0.0
8389,1.0
8391,0.0
8397,0.0
8406,1.0
8407,0.0
8412,0.0
8427,0.0
8434,1.0
8442,0.0
8444,0.0
8446,1.0
8449,0.0
8452,1.0
8454,0.0
8467,0.0
8471,0.0
8473,0.0
8476,0.0
8479,1.0
8480,0.0
8483,0.0
8489,1.0
8503,1.0
8514,1.0
8515,1.0
8523,0.0
8528,0.0
8537,1.0
8543,1.0
8544,0.0
8548,0.0
8564,0.0
8575,0.0
8578,0.0
8584,1.0
8585,0.0
8595,1.0
8596,0.0
8607,1.0
8608,0.0
8609,1.0
8614,0.0
8616,1.0
8618,0.0
8624,0.0
8632,0.0
8637,0.0
8639,0.0
8643,0.0
8665,0.0
8678,1.0
8679,0.0
8695,0.0
8697,0.0
8698,1.0
8699,1.0
8701,0.0
8714,1.0
8715,0.0
8716,0.0
8718,0.0
8720,0.0
8722,0.0
8723,0.0
8739,1.0
8741,0.0
8749,0.0
8752,0.0
8766,0.0
8771,0.0
8772,0.0
8787,0.0
8790,0.0
8792,0.0
8800,0.0
8802,0.0
8804,0.0
8808,0.0
8809,0.0
8814,0.0
8815,0.0
8817,0.0
8830,1.0
8836,1.0
8839,1.0
8842,0.0
8845,0.0
8847,0.0
8851,0.0
8853,1.0
8860,0.0
8863,0.0
8864,0.0
8877,0.0
8881,0.0
8883,0.0
8884,0.0
8891,1.0
8893,0.0
8896,0.0
8913,0.0
8919,1.0
8924,0.0
8931,0.0
8936,0.0
8937,0.0
8949,1.0
8950,0.0
8959,0.0
8960,0.0
8964,0.0
8965,0.0
8966,0.0
8977,0.0
8995,0.0
8997,0.0
8998,0.0
9001,0.0
9007,1.0
9008,0.0
9011,0.0
9013,1.0
9016,0.0
9018,0.0
9021,0.0
9031,0.0
9037,0.0
9040,0.0
9046,0.0
9047,0.0
9049,0.0
9052,0.0
9054,0.0
9055,1.0
9062,0.0
9078,0.0
9083,1.0
9101,0.0
9115,0.0
9122,0.0
9126,0.0
9136,0.0
9139,0.0
9150,1.0
9152,1.0
9156,0.0
9157,0.0
9158,0.0
9160,0.0
9163,1.0
9164,0.0
9167,0.0
9178,0.0
9180,0.0
9183,0.0
9189,1.0
9194,0.0
9196,1.0
9206,0.0
9211,1.0
9222,0.0
9223,0.0
9224,0.0
9227,1.0
9229,0.0
9231,0.0
9232,0.0
9240,0.0
9241,0.0
9244,1.0
9254,1.0
9257,1.0
9263,1.0
9267,0.0
9268,0.0
9270,1.0
9275,0.0
9281,1.0
9282,0.0
9289,1.0
9291,0.0
9292,0.0
9303,0.0
9307,1.0
9308,0.0
9310,0.0
9313,0.0
9314,0.0
9318,1.0
9319,0.0
9323,0.0
9326,0.0
9333,0.0
9339,1.0
9342,0.0
9344,0.0
9352,0.0
9356,0.0
9364,0.0
9366,0.0
9368,0.0
9375,0.0
9382,0.0
9384,0.0
9390,0.0
9395,0.0
9397,1.0
9399,1.0
9402,1.0
9407,0.0
9418,0.0
9422,0.0
9425,0.0
9431,0.0
9432,0.0
9433,1.0
9445,0.0
9448,0.0
9451,0.0
9452,0.0
9466,0.0
9469,0.0
9470,0.0
9472,0.0
9474,1.0
9476,1.0
9478,0.0
9480,0.0
9481,0.0
9482,0.0
9483,0.0
9489,0.0
9496,1.0
9500,1.0
9501,0.0
9507,0.0
9509,0.0
9520,0.0
9525,0.0
9528,1.0
9534,0.0
9540,1.0
9542,0.0
9550,1.0
9555,0.0
9556,1.0
9557,0.0
9563,0.0
9565,0.0
9571,1.0
9573,0.0
9577,0.0
9579,0.0
9583,0.0
9584,1.0
9598,0.0
9600,0.0
9608,1.0
9609,0.0
9612,0.0
9615,0.0
9621,0.0
9627,0.0
9633,0.0
9642,0.0
9644,0.0
9645,1.0
9647,1.0
9651,0.0
9655,0.0
9662,0.0
9678,1.0
9682,1.0
9685,0.0
9689,1.0
9690,0.0
9697,0.0
9698,0.0
9705,0.0
9708,0.0
9712,1.0
9714,0.0
9717,0.0
9733,0.0
9739,0.0
9741,0.0
9743,0.0
9753,0.0
9760,0.0
9761,0.0
9764,0.0
9777,0.0
9778,0.0
9781,0.0
9790,0.0
9793,0.0
9799,0.0
9817,0.0
9822,0.0
9830,0.0
9838,0.0
9845,0.0
9847,0.0
9849,0.0
9851,1.0
9855,0.0
9859,0.0
9865,0.0
9869,0.0
9870,0.0
9880,0.0
9881,0.0
9886,0.0
9890,1.0
9892,0.0
9898,1.0
9905,0.0
9906,0.0
9910,1.0
9911,1.0
9914,1.0
9921,0.0
9924,0.0
9926,0.0
9930,1.0
9933,1.0
9934,0.0
9937,1.0
9956,0.0
9964,0.0
9968,0.0
9971,1.0
9974,0.0
9975,0.0
9976,0.0
9980,0.0
9991,0.0
9996,0.0
9999,0.0
10001,0.0
10008,0.0
10011,0.0
10017,1.0
10035,0.0
10039,0.0
10047,0.0
10048,0.0
10053,0.0
10054,1.0
10055,1.0
10059,0.0
10066,0.0
10070,0.0
10072,1.0
10073,0.0
10074,0.0
10090,0.0
10099,0.0
10124,1.0
10127,0.0
10131,0.0
10138,0.0
10144,0.0
10147,0.0
10156,1.0
10159,0.0
10162,0.0
10164,0.0
10165,1.0
10170,0.0
10172,0.0
10175,0.0
10179,0.0
10184,0.0
10188,1.0
10193,1.0
10198,0.0
10199,1.0
10200,0.0
10205,0.0
10206,0.0
10214,0.0
10224,1.0
10228,1.0
10229,0.0
10234,1.0
10236,0.0
10237,0.0
10250,0.0
10254,0.0
10264,0.0
10269,0.0
10270,0.0
10277,0.0
10279,0.0
10281,0.0
10288,0.0
10293,0.0
10294,1.0
10299,1.0
10303,0.0
10305,1.0
10309,1.0
10310,0.0
10321,1.0
10328,0.0
10331,0.0
10337,0.0
10351,0.0
10353,1.0
10360,1.0
10365,0.0
10367,0.0
10386,1.0
10387,0.0
10388,0.0
10389,0.0
10396,0.0
10406,1.0
10413,0.0
10418,1.0
10422,0.0
10424,0.0
10429,1.0
10436,0.0
10437,0.0
10443,1.0
10444,0.0
10454,0.0
10455,0.0
10458,1.0
10461,0.0
10465,0.0
10467,0.0
10468,0.0
10478,1.0
10486,0.0
10493,0.0
10494,0.0
10500,0.0
10504,1.0
10508,0.0
10509,0.0
10512,0.0
10513,1.0
10524,0.0
10550,1.0
10553,1.0
10556,0.0
10558,0.0
10559,0.0
10573,0.0
10579,1.0
10585,0.0
10588,0.0
10591,0.0
10598,0.0
10599,0.0
10601,0.0
10603,1.0
10604,0.0
10607,1.0
10609,0.0
10613,0.0
10616,0.0
10617,0.0
10618,0.0
10621,0.0
10628,1.0
10632,0.0
10633,1.0
10635,0.0
10637,0.0
10638,0.0
10642,0.0
10650,0.0
10651,0.0
10670,1.0
10671,0.0
10672,1.0
10679,0.0
10683,0.0
10686,0.0
10692,1.0
10695,0.0
10698,0.0
10701,0.0
10704,0.0
10705,0.0
10722,0.0
10724,0.0
10728,0.0
10737,0.0
10742,0.0
10758,1.0
10765,0.0
10777,0.0
10784,0.0
10796,0.0
10802,0.0
10804,0.0
10810,0.0
10812,0.0
10815,0.0
10817,0.0
10829,0.0
10832,1.0
10839,0.0
10841,0.0
10843,0.0
10845,1.0
10853,0.0
10855,0.0
10857,0.0
10861,1.0
10868,0.0
10869,0.0
10871,0.0
10874,0.0
10890,1.0
10891,0.0
10895,0.0
10896,0.0
10904,0.0
10911,0.0
10916,0.0
10917,1.0
10926,0.0
10927,0.0
10934,1.0
10935,0.0
10936,1.0
10939,0.0
10942,0.0
10944,0.0
10949,1.0
10958,0.0
10959,0.0
10970,0.0
10971,1.0
10979,0.0
10986,0.0
11017,0.0
11026,0.0
11042,0.0
11044,0.0
11047,1.0
11049,0.0
11060,0.0
11061,0.0
11062,0.0
11063,0.0
11066,0.0
11069,0.0
11076,1.0
11082,0.0
11086,0.0
11089,0.0
11093,0.0
11106,0.0
11111,0.0
11112,1.0
11119,0.0
11139,0.0
11149,1.0
11153,0.0
11156,0.0
11157,0.0
11162,1.0
11178,0.0
11187,0.0
11195,0.0
11204,0.0
11205,1.0
11207,1.0
11212,0.0
11213,1.0
11214,0.0
11215,0.0
11217,0.0
11218,1.0
11225,0.0
11228,0.0
11237,0.0
11251,0.0
11253,1.0
11259,0.0
11266,0.0
11267,0.0
11284,0.0
11286,1.0
11294,0.0
11301,1.0
11302,0.0
11303,1.0
11304,0.0
11310,0.0
11317,0.0
11324,1.0
11327,0.0
11328,0.0
11331,0.0
11338,1.0
11339,0.0
11342,1.0
11350,0.0
11352,0.0
11361,1.0
11365,1.0
11366,1.0
11373,0.0
11381,1.0
11383,1.0
11385,0.0
11396,0.0
11399,1.0
11404,0.0
11410,1.0
11412,1.0
11413,1.0
11416,1.0
11422,1.0
11423,0.0
11430,0.0
11431,0.0
11434,1.0
11436,0.0
11440,0.0
11443,1.0
11445,0.0
11447,0.0
11449,0.0
11459,0.0
11468,0.0
11471,1.0
11475,1.0
11476,0.0
11486,0.0
11487,1.0
11489,0.0
11491,1.0
11494,0.0
11501,0.0
11507,1.0
11508,0.0
11509,0.0
11510,1.0
11521,0.0
11524,0.0
11525,0.0
11529,0.0
11534,0.0
11539,1.0
11541,1.0
11552,0.0
11559,0.0
11568,1.0
11584,0.0
11588,1.0
11591,1.0
11592,1.0
11594,1.0
11595,0.0
11596,0.0
11600,1.0
11601,0.0
11608,0.0
11609,0.0
11611,0.0
11613,1.0
11630,0.0
11633,0.0
11634,0.0
11645,0.0
11655,0.0
11657,1.0
11658,0.0
11659,0.0
11672,0.0
11676,1.0
11689,0.0
11691,0.0
11692,0.0
11695,1.0
11698,0.0
11701,0.0
11705,0.0
11708,0.0
11713,1.0
11714,0.0
11722,0.0
11730,1.0
11735,0.0
11741,0.0
11745,0.0
11758,0.0
11759,0.0
11762,0.0
11777,0.0
11784,0.0
11797,0.0
11799,0.0
11818,0.0
11833,0.0
11840,0.0
11845,0.0
11846,0.0
11848,0.0
11856,0.0
11857,0.0
11862,1.0
11866,0.0
11869,0.0
11873,0.0
11876,0.0
11887,0.0
11888,0.0
11891,0.0
11892,0.0
11895,1.0
11904,0.0
11908,0.0
11911,0.0
11913,1.0
11920,0.0
11921,0.0
11929,1.0
11941,0.0
11948,0.0
11951,0.0
11953,0.0
11962,0.0
11971,0.0
11973,0.0
11979,0.0
11981,0.0
11986,0.0
11987,0.0
11992,0.0
12018,0.0
12019,0.0
12021,0.0
12022,0.0
12026,0.0
12050,0.0
12053,0.0
12061,0.0
12067,0.0
12070,0.0
12071,0.0
12072,0.0
12082,1.0
12083,0.0
12087,0.0
12088,0.0
12089,0.0
12090,0.0
12092,0.0
12098,0.0
12108,0.0
12110,0.0
12111,0.0
12113,0.0
12114,1.0
12115,0.0
12116,0.0
12117,0.0
12134,0.0
12135,1.0
12141,0.0
12142,0.0
12147,1.0
12151,0.0
12155,1.0
12161,0.0
12167,0.0
12170,0.0
12172,0.0
12173,1.0
12179,0.0
12184,0.0
12185,1.0
12189,0.0
12194,1.0
12198,1.0
12200,0.0
12204,0.0
12207,0.0
12210,1.0
12211,0.0
12212,0.0
12217,0.0
12220,0.0
12221,1.0
12229,0.0
12231,0.0
12237,0.0
12242,0.0
12246,0.0
12247,0.0
12249,0.0
12262,0.0
12268,0.0
12279,0.0
12281,0.0
12285,1.0
12289,0.0
12291,1.0
12330,0.0
12335,0.0
12336,0.0
12338,1.0
12368,1.0
12369,1.0
12373,0.0
12384,1.0
12387,1.0
12391,0.0
12403,0.0
12405,1.0
12406,0.0
12411,0.0
12414,1.0
12417,0.0
12423,0.0
12425,0.0
12427,1.0
12437,0.0
12438,0.0
12439,0.0
12443,0.0
12451,0.0
12456,1.0
12466,1.0
12470,0.0
12473,0.0
12476,0.0
12480,1.0
12489,0.0
12499,1.0
12508,0.0
12511,1.0
12523,0.0
12543,0.0
12558,0.0
12560,0.0
12561,0.0
12563,0.0
12567,1.0
12570,0.0
12573,0.0
12587,1.0
12600,0.0
12604,1.0
12608,1.0
12610,0.0
12617,1.0
12619,1.0
12620,0.0
12624,0.0
12635,0.0
12641,1.0
12647,0.0
12649,1.0
12650,0.0
12656,0.0
12661,0.0
12662,0.0
12664,0.0
12666,0.0
12668,0.0
12675,0.0
12680,0.0
12682,0.0
12685,0.0
12696,1.0
12705,0.0
12706,0.0
12712,0.0
12714,0.0
12718,0.0
12727,1.0
12729,0.0
12736,1.0
12740,0.0
12743,1.0
12758,0.0
12759,0.0
12765,1.0
12766,0.0
12767,0.0
12776,0.0
12789,1.0
12794,0.0
12808,1.0
12809,1.0
12827,1.0
12839,0.0
12841,1.0
12843,0.0
12848,0.0
12856,0.0
12864,1.0
12865,0.0
12871,0.0
12872,1.0
12874,0.0
12881,1.0
12886,0.0
12890,0.0
12892,0.0
12893,1.0
12911,0.0
12912,0.0
12913,0.0
12920,1.0
12930,0.0
12933,1.0
12943,0.0
12948,0.0
12949,0.0
12950,0.0
12955,1.0
12959,1.0
12961,0.0
12965,1.0
12975,0.0
12983,1.0
12985,0.0
12998,1.0
13004,0.0
13012,0.0
13013,0.0
13017,0.0
13020,0.0
13022,0.0
13024,0.0
13025,0.0
13027,1.0
13032,1.0
13035,1.0
13037,0.0
13040,1.0
13054,0.0
13055,0.0
13056,0.0
13057,0.0
13064,1.0
13066,1.0
13089,0.0
13090,0.0
13098,0.0
13102,1.0
13103,0.0
13104,0.0
13105,1.0
13108,0.0
13128,0.0
13133,0.0
13145,0.0
13149,0.0
13152,0.0
13154,0.0
13160,0.0
13161,0.0
13162,1.0
13167,0.0
13172,0.0
13173,0.0
13174,1.0
13177,0.0
13181,0.0
13196,0.0
13199,0.0
13201,0.0
13203,0.0
13204,0.0
13207,1.0
13211,0.0
13213,0.0
13214,0.0
13215,0.0
13227,0.0
13241,1.0
13251,1.0
13253,0.0
13258,0.0
13267,0.0
13270,0.0
13288,0.0
13297,0.0
13298,0.0
13306,1.0
13307,0.0
13310,0.0
13313,0.0
13315,0.0
13320,1.0
13322,0.0
13325,0.0
13327,0.0
13329,0.0
13331,0.0
13342,0.0
13347,1.0
13348,0.0
13350,0.0
13353,0.0
13359,0.0
13363,0.0
13367,0.0
13368,0.0
13376,1.0
13379,0.0
13386,0.0
13387,0.0
13388,0.0
13396,0.0
13401,1.0
13428,0.0
13446,1.0
13462,1.0
13468,0.0
13480,0.0
13482,1.0
13498,1.0
13499,1.0
13502,0.0
13506,0.0
13509,0.0
13511,1.0
13514,0.0
13526,0.0
13527,1.0
13529,1.0
13533,0.0
13534,0.0
13543,0.0
13546,1.0
13552,0.0
13553,0.0
13556,0.0
13557,1.0
13558,1.0
13562,0.0
13567,0.0
13571,0.0
13574,1.0
13587,0.0
13590,0.0
13591,1.0
13596,1.0
13599,1.0
13610,0.0
13613,0.0
13615,0.0
13618,0.0
13619,0.0
13620,0.0
13621,0.0
13630,1.0
13631,1.0
13643,0.0
13644,0.0
13645,0.0
13646,0.0
13649,0.0
13654,1.0
13658,0.0
13663,0.0
13669,0.0
13670,0.0
13672,1.0
13676,0.0
13679,0.0
13687,0.0
13706,0.0
13708,1.0
13713,0.0
13715,0.0
13716,0.0
13732,0.0
13735,0.0
13739,0.0
13741,0.0
13742,0.0
13743,0.0
13747,1.0
13754,0.0
13755,0.0
13768,0.0
13769,0.0
13771,0.0
13773,1.0
13774,0.0
13780,0.0
13782,0.0
13784,1.0
13786,0.0
13787,0.0
13791,0.0
13798,0.0
13807,0.0
13808,0.0
13811,0.0
13815,1.0
13817,1.0
13819,1.0
13833,0.0
13837,0.0
13853,0.0
13854,0.0
13864,0.0
13866,0.0
13867,0.0
13888,0.0
13892,1.0
13893,0.0
13895,0.0
13899,0.0
13912,0.0
13923,0.0
13925,0.0
13926,1.0
13929,0.0
13935,0.0
13945,1.0
13947,1.0
13956,0.0
13962,1.0
13967,0.0
13969,1.0
13976,0.0
13978,0.0
13986,1.0
14008,0.0
14013,1.0
14016,0.0
14025,1.0
14026,0.0
14028,1.0
14029,0.0
14035,0.0
14040,0.0
14046,0.0
14051,0.0
14063,0.0
14065,0.0
14066,0.0
14072,0.0
14083,1.0
14086,1.0
14089,0.0
14090,0.0
14095,1.0
14097,0.0
14100,1.0
14102,0.0
14109,1.0
14114,0.0
14124,1.0
14128,0.0
14145,1.0
14146,1.0
14156,0.0
14164,0.0
14166,0.0
14167,1.0
14172,0.0
14175,1.0
14176,0.0
14183,1.0
14189,1.0
14194,1.0
14195,0.0
14199,1.0
14207,1.0
14213,1.0
14220,0.0
14222,0.0
14225,1.0
14227,0.0
14233,1.0
14252,0.0
14257,0.0
14259,1.0
14260,0.0
14261,1.0
14264,1.0
14272,0.0
14285,0.0
14296,1.0
14303,0.0
14309,0.0
14313,0.0
14314,1.0
14322,0.0
14325,0.0
14326,1.0
14328,0.0
14332,0.0
14333,0.0
14335,0.0
14338,0.0
14346,0.0
14363,0.0
14370,1.0
14372,0.0
14374,1.0
14380,0.0
14395,0.0
14399,0.0
14401,1.0
14406,1.0
14407,1.0
14408,0.0
14412,0.0
14413,0.0
14414,1.0
14416,1.0
14417,1.0
14419,1.0
14426,0.0
14427,0.0
14428,1.0
14432,0.0
14435,0.0
14437,0.0
14443,0.0
14459,0.0
14463,0.0
14464,0.0
14466,1.0
14484,0.0
14488,0.0
14499,0.0
14505,0.0
14511,1.0
14520,0.0
14526,0.0
14535,0.0
14536,1.0
14537,0.0
14550,1.0
14558,1.0
14559,0.0
14564,1.0
14565,0.0
14569,0.0
14573,1.0
14574,0.0
14577,0.0
14604,1.0
14610,0.0
14613,0.0
14614,1.0
14619,0.0
14621,0.0
14622,0.0
14629,1.0
14630,1.0
14633,0.0
14635,0.0
14641,0.0
14648,1.0
14656,0.0
14668,1.0
14676,0.0
14678,0.0
14682,1.0
14683,0.0
14688,0.0
14690,0.0
14699,0.0
14700,1.0
14702,0.0
14710,0.0
14711,0.0
14712,1.0
14732,0.0
14736,0.0
14737,1.0
14740,0.0
14743,0.0
14744,0.0
14751,0.0
14763,0.0
14783,0.0
14784,0.0
14787,0.0
14794,0.0
14799,0.0
14802,1.0
14803,0.0
14815,0.0
14818,0.0
14823,1.0
14824,0.0
14831,1.0
14836,0.0
14838,0.0
14841,0.0
14844,0.0
14845,1.0
14846,0.0
14849,1.0
14858,0.0
14859,0.0
14867,0.0
14870,0.0
14872,0.0
14873,0.0
14876,0.0
14884,0.0
14885,0.0
14891,0.0
14900,0.0
14904,0.0
14908,0.0
14917,0.0
14918,1.0
14921,0.0
14926,1.0
14932,0.0
14944,0.0
14949,0.0
14954,0.0
14962,0.0
14968,0.0
14970,0.0
14977,0.0
14983,0.0
14987,0.0
14993,0.0
14995,0.0
14998,0.0
14999,0.0
15002,0.0
15003,0.0
15004,0.0
15012,0.0
15016,0.0
15019,0.0
15025,0.0
15029,0.0
15037,0.0
15040,0.0
15047,0.0
15050,1.0
15051,1.0
15055,1.0
15072,0.0
15078,0.0
15079,0.0
15083,0.0
15085,0.0
15087,0.0
15089,1.0
15091,1.0
15103,0.0
15108,1.0
15112,0.0
15114,1.0
15121,0.0
15122,0.0
15123,1.0
15131,0.0
15135,0.0
15140,0.0
15150,0.0
15151,0.0
15156,0.0
15160,0.0
15161,0.0
15164,0.0
15171,0.0
15174,0.0
15176,1.0
15178,1.0
15189,0.0
15190,0.0
15194,0.0
15199,1.0
15204,0.0
15212,0.0
15215,0.0
15217,0.0
15223,0.0
15224,0.0
15228,0.0
15231,0.0
15232,0.0
15233,0.0
15234,0.0
15237,0.0
15244,0.0
15247,1.0
15248,1.0
15252,1.0
15259,1.0
15263,1.0
15271,0.0
15272,1.0
15279,0.0
15284,1.0
15286,1.0
15287,1.0
15294,0.0
15295,0.0
15302,1.0
15305,1.0
15306,0.0
15307,0.0
15309,1.0
15310,0.0
15314,0.0
15320,0.0
15321,0.0
15331,0.0
15334,0.0
15351,0.0
15361,0.0
15362,0.0
15368,1.0
15382,0.0
15386,1.0
15389,0.0
15394,1.0
15396,0.0
15398,1.0
15405,0.0
15409,1.0
15415,0.0
15416,0.0
15419,0.0
15422,0.0
15424,0.0
15429,1.0
15431,1.0
15442,1.0
15445,0.0
15447,0.0
15457,0.0
15461,1.0
15469,1.0
15482,0.0
15486,1.0
15487,0.0
15494,0.0
15495,0.0
15503,0.0
15506,0.0
15509,0.0
15520,0.0
15522,0.0
15523,0.0
15525,0.0
15528,0.0
15529,0.0
15530,1.0
15535,0.0
15536,0.0
15540,0.0
15544,0.0
15551,1.0
15557,0.0
15560,0.0
15562,1.0
15567,1.0
15570,0.0
15572,0.0
15585,0.0
15596,0.0
15599,0.0
15602,1.0
15604,0.0
15606,0.0
15612,0.0
15616,0.0
15618,0.0
15619,0.0
15624,0.0
15635,0.0
15636,0.0
15641,0.0
15646,0.0
15650,0.0
15666,0.0
15667,1.0
15668,0.0
15671,0.0
15677,0.0
15694,0.0
15696,1.0
15697,0.0
15707,0.0
15712,0.0
15717,0.0
15728,1.0
15730,1.0
15734,1.0
15737,0.0
15741,1.0
15744,0.0
15748,0.0
15749,0.0
15764,0.0
15765,0.0
15771,0.0
15780,0.0
15783,0.0
15788,1.0
15790,0.0
15793,0.0
15803,0.0
15814,0.0
15815,1.0
15820,0.0
15827,1.0
15829,0.0
15833,0.0
15838,0.0
15842,0.0
15849,1.0
15863,0.0
15867,0.0
15868,0.0
15871,0.0
15876,0.0
15880,1.0
15883,0.0
15885,0.0
15892,0.0
15896,0.0
15900,0.0
15904,0.0
15910,0.0
15919,0.0
15922,1.0
15923,0.0
15934,1.0
15945,0.0
15947,0.0
15960,0.0
15965,0.0
15966,1.0
15968,0.0
15984,0.0
15986,1.0
15989,1.0
15995,0.0
16001,0.0
16004,0.0
16005,0.0
16013,1.0
16015,0.0
16016,0.0
16018,0.0
16019,0.0
16032,1.0
16034,0.0
16036,0.0
16042,0.0
16056,1.0
16059,0.0
16065,1.0
16069,1.0
16076,0.0
16077,0.0
16079,0.0
16087,1.0
16102,0.0
16114,0.0
16119,0.0
16123,0.0
16124,1.0
16131,0.0
16137,0.0
16141,0.0
16151,0.0
16152,0.0
16167,0.0
16172,1.0
16173,0.0
16203,0.0
16204,0.0
16215,0.0
16218,0.0
16220,1.0
16222,1.0
16223,0.0
16227,0.0
16228,1.0
16230,0.0
16240,0.0
16245,1.0
16250,0.0
16253,0.0
16257,0.0
16260,0.0
16262,0.0
16264,1.0
16265,0.0
16271,1.0
16273,0.0
16281,0.0
16282,1.0
16288,1.0
16290,1.0
16298,0.0
16304,0.0
16305,1.0
16308,0.0
16317,0.0
16322,1.0
16324,0.0
16326,0.0
16328,1.0
16333,1.0
16338,0.0
16341,0.0
16344,0.0
16346,0.0
16349,0.0
16350,0.0
16351,0.0
16376,1.0
16386,0.0
16388,0.0
16389,1.0
16396,0.0
16402,0.0
16406,1.0
16407,0.0
16408,0.0
16412,0.0
16413,1.0
16416,1.0
16417,0.0
16422,1.0
16426,0.0
16427,1.0
16428,0.0
16430,0.0
16431,0.0
16432,1.0
16435,1.0
16436,0.0
16443,0.0
16448,1.0
16452,0.0
16458,0.0
16461,0.0
16462,0.0
16463,0.0
16464,0.0
16469,1.0
16473,0.0
16477,0.0
16492,1.0
16495,0.0
16497,0.0
16503,1.0
16507,0.0
16515,1.0
16519,1.0
16533,0.0
16534,1.0
16542,0.0
16547,0.0
16551,0.0
16556,0.0
16558,1.0
16573,0.0
16576,1.0
16583,0.0
16589,1.0
16591,0.0
16600,0.0
16609,1.0
16615,1.0
16616,0.0
16619,1.0
16630,0.0
16633,0.0
16635,1.0
16636,1.0
16647,0.0
16651,1.0
16652,0.0
16661,0.0
16674,0.0
16681,0.0
16687,0.0
16703,1.0
16707,0.0
16708,0.0
16710,0.0
16734,1.0
16735,1.0
16736,0.0
16738,1.0
16752,1.0
16790,0.0
16800,0.0
16801,0.0
16804,1.0
16813,1.0
16819,0.0
16821,0.0
16823,0.0
16849,0.0
16852,0.0
16856,0.0
16857,0.0
16859,1.0
16868,0.0
16874,0.0
16881,0.0
16885,0.0
16887,1.0
16896,0.0
16899,0.0
16901,0.0
16904,0.0
16905,0.0
16906,0.0
16917,1.0
16920,0.0
16923,0.0
16925,0.0
16939,1.0
16945,0.0
16949,0.0
16956,0.0
16961,0.0
16966,0.0
16968,0.0
16969,0.0
16983,0.0
16988,0.0
16992,0.0
16993,1.0
16995,0.0
17002,1.0
17007,0.0
17010,0.0
17021,0.0
17024,1.0
17028,0.0
17034,1.0
17042,0.0
17049,0.0
17052,1.0
17059,0.0
17062,1.0
17064,0.0
17066,0.0
17074,1.0
17090,0.0
17094,0.0
17101,0.0
17103,0.0
17106,0.0
17107,0.0
17114,0.0
17117,1.0
17127,0.0
17138,0.0
17140,1.0
17146,0.0
17155,0.0
17159,0.0
17164,0.0
17169,1.0
17172,0.0
17176,1.0
17180,0.0
17181,1.0
17184,0.0
17185,0.0
17187,1.0
17188,0.0
17193,0.0
17194,0.0
17199,0.0
17200,0.0
17202,1.0
17207,0.0
17210,1.0
17219,0.0
17224,0.0
17226,0.0
17229,0.0
17233,0.0
17247,0.0
17250,0.0
17262,0.0
17264,0.0
17268,0.0
17269,0.0
17270,1.0
17276,0.0
17293,0.0
17294,0.0
17295,0.0
17297,0.0
17306,0.0
17316,0.0
17317,0.0
17325,1.0
17343,1.0
17352,0.0
17355,0.0
17357,1.0
17370,0.0
17372,0.0
17377,0.0
17384,0.0
17386,0.0
17391,1.0
17394,0.0
17395,0.0
17402,0.0
17417,1.0
17421,0.0
17426,0.0
17437,1.0
17440,0.0
17447,1.0
17462,0.0
17465,1.0
17467,0.0
17472,0.0
17473,0.0
17476,0.0
17479,0.0
17481,0.0
17488,1.0
17494,0.0
17500,0.0
17521,1.0
17523,0.0
17534,0.0
17537,0.0
17539,0.0
17541,0.0
17543,1.0
17558,0.0
17565,1.0
17573,0.0
17586,0.0
17589,1.0
17595,0.0
17601,1.0
17611,0.0
17612,1.0
17616,1.0
17627,0.0
17632,0.0
17634,0.0
17635,0.0
17643,0.0
17649,1.0
17650,1.0
17653,0.0
17666,0.0
17669,0.0
17671,0.0
17674,0.0
17676,1.0
17679,1.0
17686,0.0
17692,0.0
17724,0.0
17728,0.0
17729,0.0
17733,0.0
17739,0.0
17746,0.0
17748,0.0
17752,0.0
17759,0.0
17765,0.0
17773,0.0
17788,0.0
17791,0.0
17801,0.0
17808,0.0
17814,0.0
17817,0.0
17818,1.0
17819,0.0
17820,0.0
17826,1.0
17827,0.0
17828,0.0
17833,0.0
17838,0.0
17841,0.0
17844,0.0
17847,0.0
17850,0.0
17862,1.0
17863,1.0
17867,0.0
17870,0.0
17871,0.0
17872,0.0
17875,1.0
17876,0.0
17880,0.0
17882,0.0
17890,0.0
17895,0.0
17897,0.0
17905,1.0
17906,0.0
17912,0.0
17922,1.0
17923,1.0
17927,1.0
17930,1.0
17931,1.0
17937,0.0
17938,0.0
17949,0.0
17954,1.0
17958,0.0
17960,0.0
17963,0.0
17966,0.0
17967,0.0
17968,0.0
17971,0.0
17974,1.0
17975,0.0
17976,0.0
17985,0.0
17990,1.0
17997,0.0
17999,0.0
18003,0.0
18015,1.0
18017,0.0
18024,0.0
18025,0.0
18029,1.0
18043,0.0
18049,1.0
18051,0.0
18053,0.0
18055,0.0
18061,1.0
18062,0.0
18070,0.0
18073,0.0
18076,0.0
18078,0.0
18079,0.0
18088,0.0
18097,0.0
18099,0.0
18110,0.0
18113,0.0
18115,0.0
18117,1.0
18121,0.0
18130,0.0
18132,0.0
18143,0.0
18153,0.0
18158,0.0
18160,1.0
18161,0.0
18163,0.0
18164,0.0
18169,0.0
18185,0.0
18188,0.0
18214,1.0
18215,0.0
18226,0.0
18234,0.0
18235,0.0
18246,1.0
18251,1.0
18257,0.0
18259,0.0
18260,1.0
18269,1.0
18270,0.0
18273,0.0
18276,0.0
18281,0.0
18284,0.0
18285,1.0
18289,0.0
18291,1.0
18296,0.0
18316,1.0
18330,0.0
18332,0.0
18341,0.0
18342,0.0
18356,0.0
18358,0.0
18365,1.0
18367,0.0
18370,0.0
18376,0.0
18383,0.0
18391,0.0
18395,0.0
18408,0.0
18427,0.0
18429,0.0
18431,0.0
18441,0.0
18442,0.0
18443,1.0
18448,0.0
18450,0.0
18456,0.0
18462,0.0
18465,0.0
18473,1.0
18474,0.0
18482,1.0
18486,0.0
18488,1.0
18490,1.0
18493,0.0
18494,1.0
18503,0.0
18508,0.0
18511,1.0
18517,1.0
18518,0.0
18519,0.0
18524,0.0
18527,1.0
18528,1.0
18532,0.0
18534,0.0
18538,0.0
18550,0.0
18560,0.0
18561,0.0
18565,0.0
18569,1.0
18574,0.0
18577,0.0
18578,0.0
18592,0.0
18595,1.0
18604,0.0
18612,0.0
18621,0.0
18622,0.0
18625,0.0
18629,0.0
18632,0.0
18633,0.0
18650,0.0
18655,1.0
18656,0.0
18668,0.0
18677,0.0
18679,0.0
18684,0.0
18686,0.0
18689,0.0
18690,0.0
18691,0.0
18693,1.0
18694,1.0
18695,0.0
18698,1.0
18709,0.0
18710,1.0
18718,0.0
18722,0.0
18726,0.0
18727,0.0
18734,0.0
18735,0.0
18743,0.0
18746,0.0
18757,0.0
18759,0.0
18761,1.0
18771,0.0
18786,0.0
18791,1.0
18800,0.0
18802,0.0
18806,1.0
18808,0.0
18811,1.0
18814,0.0
18827,1.0
18829,1.0
18833,1.0
18840,1.0
18841,0.0
18844,1.0
18846,0.0
18855,0.0
18861,0.0
18871,1.0
18875,1.0
18878,0.0
18884,0.0
18885,0.0
18888,1.0
18892,0.0
18894,1.0
18901,1.0
18902,0.0
18904,0.0
18906,0.0
18907,0.0
18908,0.0
18911,1.0
18912,0.0
18915,1.0
18918,0.0
18926,0.0
18941,1.0
18945,0.0
18949,0.0
18961,0.0
18968,1.0
18971,0.0
18975,0.0
18978,1.0
18987,0.0
19001,0.0
19007,1.0
19013,0.0
19032,1.0
19034,0.0
19035,0.0
19040,0.0
19047,0.0
19050,0.0
19052,0.0
19054,1.0
19060,0.0
19064,0.0
19065,0.0
19067,1.0
19068,0.0
19071,0.0
19072,0.0
19073,0.0
19078,0.0
19079,0.0
19092,1.0
19101,0.0
19110,0.0
19111,0.0
19114,1.0
19119,0.0
19121,0.0
19122,0.0
19123,0.0
19124,0.0
19126,0.0
19128,0.0
19129,0.0
19132,0.0
19135,0.0
19149,0.0
19155,0.0
